TDSFU Daily run: Mon Oct 27 05:35:45 UTC 2025 TDSFU
TDSFU Daily run: Mon Oct 27 05:37:53 UTC 2025 TDSFU
TDSFU Daily run: Mon Oct 27 05:38:11 UTC 2025 TDSFU
TDSFU Daily run: Mon Oct 27 05:41:56 UTC 2025 TDSFU
TDSFU Daily run: Tue Oct 28 04:37:52 UTC 2025 TDSFU
TDSFU Daily run: Wed Oct 29 04:42:17 UTC 2025 TDSFU
TDSFU Daily run: Thu Oct 30 04:37:08 UTC 2025 TDSFU
TDSFU Daily run: Fri Oct 31 04:39:48 UTC 2025 TDSFU
TDSFU Daily run: Sat Nov  1 04:34:15 UTC 2025 TDSFU
TDSFU Daily run: Sun Nov  2 04:37:06 UTC 2025 TDSFU
TDSFU Daily run: Mon Nov  3 04:43:06 UTC 2025 TDSFU
